name,group,module
-- =========================
-- SETTING PERMISSIONS
-- =========================
SAVE_USER,SETTING,SALOON
VIEW_USER,SETTING,SALOON
DELETE_USER,SETTING,SALOON
ENABLE_OR_DISABLE_USER,SETTING,SALOON
DELETE_SALOON_USER,SETTING,SALOON
ASSIGN_USER_ROLE,SETTING,SALOON
ENABLE_OR_DISABLE_ACCOUNT,SETTING,SALOON

SAVE_ROLE,SETTING,SALOON
VIEW_ROLE,SETTING,SALOON
DELETE_ROLE,SETTING,SALOON
SAVE_PERMISSION,SETTING,SALOON
VIEW_PERMISSION,SETTING,SALOON

SAVE_BRANCH,SETTING,SALOON
VIEW_BRANCH,SETTING,SALOON
DELETE_BRANCH,SETTING,SALOON
VIEW_ALL_BRANCHES,SETTING,SALOON
VIEW_COMMISSION_REPORT,SETTING,SALOON
PAY_COMMISSION,SETTING,SALOON


SAVE_COMMISSION,SETTING,SALOON
VIEW_COMMISSION,SETTING,SALOON
DELETE_COMMISSION,SETTING,SALOON

VIEW_TABLE_SIZE,SETTING,SALOON

VIEW_PLATFORM_SETTING,SETTING,SALOON
SAVE_PLATFORM_SETTING,SETTING,SALOON

VIEW_AUDIT_LOG,SETTING,SALOON

VIEW_ERROR_LOG,SETTING,SALOON
DELETE_ERROR_LOG,SETTING,SALOON



-- =========================
-- SERVICE PERMISSIONS
-- =========================

SAVE_SERVICE,SERVICE,SALOON
VIEW_SERVICE,SERVICE,SALOON
DELETE_SERVICE,SERVICE,SALOON


-- =========================
-- STAFF PERMISSIONS
-- =========================

VIEW_STAFF,STAFF,SALOON
SAVE_STAFF,STAFF,SALOON
DELETE_STAFF,STAFF,SALOON


-- =========================
-- SALES PERMISSIONS
-- =========================

SAVE_SALES,SALES,SALOON
VIEW_SALES,SALES,SALOON
DELETE_SALES,SALES,SALOON


-- =========================
-- REPORT PERMISSIONS
-- =========================

VIEW_REPORT,REPORT,SALOON
PAY_STAFF,REPORT,SALOON
SAVE_EXPENSES,REPORT,SALOON
VIEW_EXPENSES,REPORT,SALOON
SAVE_STOCK_AND_PURCHASE,REPORT,SALOON
VIEW_STOCK_AND_PURCHASE,REPORT,SALOON


-- =========================
-- STORE PERMISSIONS
-- =========================

SAVE_STORE,STORE,SALOON
VIEW_STORE,STORE,SALOON
DELETE_STORE,STORE,SALOON
